Name,Last Name,City,Pesel number
Richard,Anderson,Kherson,22702400056
Marek,Short,Lisburn,22690955079
Virginia,Rutherford,Atlanta,21502423867
Megan,Davidson,Wakefield,18891186308
Wanda,Hardacre,Siedlce,19090661642
Jacob,King,Dundee,20253060076
Grace,Adams,Seattle,20300366847
Sonia,Pullman,Ely,22722730724
Dorothy,Slater,Melitopol,19050760527
Donna,Mathis,York,19070527520
Lillian,Clark,Opole,22652925402
Megan,Zafar,SÅ‚upsk,19071547906
Katherine,Hudson,Bangor,18910525603
Caroline,Berry,Luhansk,18821738524
Abigail,Welch,Truro,18822836021
Julian,Anderson,Oxford,21441601775
Blake,Fisher,Siedlce,22690616915
Joan,Newman,Kremenchuk,21500620904
Sarah,Randall,Belfast,22660853827
Rachel,Patel,Sloviansk,22690739583
